{"stats":{"minecraft:custom":{"minecraft:jump":30,"minecraft:time_since_rest":966,"minecraft:leave_game":1,"minecraft:crouch_one_cm":26,"minecraft:sprint_one_cm":2473,"minecraft:play_time":966,"minecraft:time_since_death":966,"minecraft:walk_one_cm":1513,"minecraft:sneak_time":3,"minecraft:total_world_time":966,"minecraft:fall_one_cm":1103,"minecraft:fly_one_cm":6781},"minecraft:mined":{"minecraft:oak_log":2,"minecraft:oak_leaves":4},"minecraft:picked_up":{"minecraft:oak_log":2}},"DataVersion":3465}