{
  "minecraft:recipes/misc/charcoal": {
    "criteria": {
      "has_log": "2024-05-20 21:22:55 +0000"
    },
    "done": true
  },
  "minecraft:recipes/decorations/crafting_table": {
    "criteria": {
      "unlock_right_away": "2024-05-20 21:22:37 +0000"
    },
    "done": true
  },
  "minecraft:recipes/building_blocks/oak_planks": {
    "criteria": {
      "has_logs": "2024-05-20 21:22:55 +0000"
    },
    "done": true
  },
  "minecraft:adventure/adventuring_time": {
    "criteria": {
      "minecraft:windswept_hills": "2024-05-20 21:23:15 +0000",
      "minecraft:forest": "2024-05-20 21:22:38 +0000"
    },
    "done": false
  },
  "minecraft:recipes/building_blocks/oak_wood": {
    "criteria": {
      "has_log": "2024-05-20 21:22:55 +0000"
    },
    "done": true
  },
  "DataVersion": 3465
}